item	taxa_execucao	grupo
Carne de panela com batata	0.000	BAIXA_EXECUCAO
Pure de mandioca	0.021	BAIXA_EXECUCAO
Couve com farofa	0.022	BAIXA_EXECUCAO
Mandioca cozida	0.024	BAIXA_EXECUCAO
Molho de carne moida	0.035	BAIXA_EXECUCAO
Pure de batata	0.036	BAIXA_EXECUCAO
Polenta cozida	0.036	BAIXA_EXECUCAO
Beterraba cozida	0.048	BAIXA_EXECUCAO
Ovo cozido	0.048	BAIXA_EXECUCAO
Cenoura ralada	0.050	BAIXA_EXECUCAO
Iscas de frango acebolada	0.050	BAIXA_EXECUCAO
Carne moida tipo pastel	0.053	BAIXA_EXECUCAO
Molho de frango desfiado	0.054	BAIXA_EXECUCAO
Cenoura refogada	0.057	BAIXA_EXECUCAO
Brocolis	0.058	BAIXA_EXECUCAO
Salada de tomate	0.058	BAIXA_EXECUCAO
Coxa e sobrecoxa de frango ao molho de tomate	0.061	BAIXA_EXECUCAO
Chuchu	0.063	BAIXA_EXECUCAO
Carne de panela	0.066	BAIXA_EXECUCAO
Requeijao caseiro	0.067	BAIXA_EXECUCAO
Frango dourado, acebolado	0.069	BAIXA_EXECUCAO
Couve flor	0.069	BAIXA_EXECUCAO
Salada de alface	0.072	BAIXA_EXECUCAO
Beterraba ralada	0.072	BAIXA_EXECUCAO
Repolho	0.077	BAIXA_EXECUCAO
Arroz com galinha	0.077	BAIXA_EXECUCAO
Molho de tomate caseiro	0.078	BAIXA_EXECUCAO
Chuchu com tempero verde	0.084	BAIXA_EXECUCAO
Carne suina acebolada	0.085	BAIXA_EXECUCAO
Cenoura cozida	0.086	BAIXA_EXECUCAO
Ensopado de mandioca	0.086	BAIXA_EXECUCAO
Couve	0.094	BAIXA_EXECUCAO
Pure de moranga	0.100	BAIXA_EXECUCAO
Guisado com moranga	0.102	BAIXA_EXECUCAO
Ovo mexido	0.121	BAIXA_EXECUCAO
Bolo de maca, sem acucar	0.123	BAIXA_EXECUCAO
Arroz branco	0.437	ALTA_EXECUCAO
Feijao carioca	0.437	ALTA_EXECUCAO
Pao com manteiga	0.437	ALTA_EXECUCAO
Leite com achocolatado	0.437	ALTA_EXECUCAO
Banana	0.437	ALTA_EXECUCAO
Maca	0.437	ALTA_EXECUCAO
Macarrao ao sugo	0.437	ALTA_EXECUCAO
Sopa de legumes	0.437	ALTA_EXECUCAO
Bolacha doce	0.437	ALTA_EXECUCAO
Suco de fruta natural	0.437	ALTA_EXECUCAO
Iogurte	0.437	ALTA_EXECUCAO
Cuscuz	0.437	ALTA_EXECUCAO
